Community AQHI requested for the time period from May 31 2023 20:00 to Jun 30 2023 21:00,
Date,Caroline
May 31 2023 20:00 MST,4
May 31 2023 21:00 MST,4
May 31 2023 22:00 MST,3
May 31 2023 23:00 MST,3
Jun 1 2023 00:00 MST,3
Jun 1 2023 01:00 MST,3
Jun 1 2023 02:00 MST,3
Jun 1 2023 03:00 MST,3
Jun 1 2023 04:00 MST,3
Jun 1 2023 05:00 MST,3
Jun 1 2023 06:00 MST,3
Jun 1 2023 07:00 MST,3
Jun 1 2023 08:00 MST,3
Jun 1 2023 09:00 MST,2
Jun 1 2023 10:00 MST,2
Jun 1 2023 11:00 MST,2
Jun 1 2023 12:00 MST,2
Jun 1 2023 13:00 MST,2
Jun 1 2023 14:00 MST,2
Jun 1 2023 15:00 MST,2
Jun 1 2023 16:00 MST,2
Jun 1 2023 17:00 MST,2
Jun 1 2023 18:00 MST,2
Jun 1 2023 19:00 MST,2
Jun 1 2023 20:00 MST,2
Jun 1 2023 21:00 MST,2
Jun 1 2023 22:00 MST,2
Jun 1 2023 23:00 MST,2
Jun 2 2023 00:00 MST,2
Jun 2 2023 01:00 MST,2
Jun 2 2023 02:00 MST,2
Jun 2 2023 03:00 MST,1
Jun 2 2023 04:00 MST,1
Jun 2 2023 05:00 MST,1
Jun 2 2023 06:00 MST,1
Jun 2 2023 07:00 MST,1
Jun 2 2023 08:00 MST,1
Jun 2 2023 09:00 MST,1
Jun 2 2023 10:00 MST,1
Jun 2 2023 11:00 MST,2
Jun 2 2023 12:00 MST,3
Jun 2 2023 13:00 MST,3
Jun 2 2023 14:00 MST,3
Jun 2 2023 15:00 MST,3
Jun 2 2023 16:00 MST,4
Jun 2 2023 17:00 MST,4
Jun 2 2023 18:00 MST,4
Jun 2 2023 19:00 MST,4
Jun 2 2023 20:00 MST,4
Jun 2 2023 21:00 MST,4
Jun 2 2023 22:00 MST,4
Jun 2 2023 23:00 MST,4
Jun 3 2023 00:00 MST,4
Jun 3 2023 01:00 MST,4
Jun 3 2023 02:00 MST,4
Jun 3 2023 03:00 MST,4
Jun 3 2023 04:00 MST,4
Jun 3 2023 05:00 MST,4
Jun 3 2023 06:00 MST,3
Jun 3 2023 07:00 MST,3
Jun 3 2023 08:00 MST,2
Jun 3 2023 09:00 MST,2
Jun 3 2023 10:00 MST,3
Jun 3 2023 11:00 MST,3
Jun 3 2023 12:00 MST,4
Jun 3 2023 13:00 MST,4
Jun 3 2023 14:00 MST,4
Jun 3 2023 15:00 MST,4
Jun 3 2023 16:00 MST,5
Jun 3 2023 17:00 MST,5
Jun 3 2023 18:00 MST,5
Jun 3 2023 19:00 MST,5
Jun 3 2023 20:00 MST,5
Jun 3 2023 21:00 MST,5
Jun 3 2023 22:00 MST,4
Jun 3 2023 23:00 MST,4
Jun 4 2023 00:00 MST,4
Jun 4 2023 01:00 MST,4
Jun 4 2023 02:00 MST,4
Jun 4 2023 03:00 MST,4
Jun 4 2023 04:00 MST,4
Jun 4 2023 05:00 MST,3
Jun 4 2023 06:00 MST,3
Jun 4 2023 07:00 MST,3
Jun 4 2023 08:00 MST,3
Jun 4 2023 09:00 MST,3
Jun 4 2023 10:00 MST,3
Jun 4 2023 11:00 MST,3
Jun 4 2023 12:00 MST,4
Jun 4 2023 13:00 MST,4
Jun 4 2023 14:00 MST,4
Jun 4 2023 15:00 MST,4
Jun 4 2023 16:00 MST,4
Jun 4 2023 17:00 MST,4
Jun 4 2023 18:00 MST,4
Jun 4 2023 19:00 MST,4
Jun 4 2023 20:00 MST,4
Jun 4 2023 21:00 MST,4
Jun 4 2023 22:00 MST,4
Jun 4 2023 23:00 MST,4
Jun 5 2023 00:00 MST,4
Jun 5 2023 01:00 MST,4
Jun 5 2023 02:00 MST,4
Jun 5 2023 03:00 MST,3
Jun 5 2023 04:00 MST,3
Jun 5 2023 05:00 MST,3
Jun 5 2023 06:00 MST,2
Jun 5 2023 07:00 MST,2
Jun 5 2023 08:00 MST,2
Jun 5 2023 09:00 MST,2
Jun 5 2023 10:00 MST,2
Jun 5 2023 11:00 MST,2
Jun 5 2023 12:00 MST,2
Jun 5 2023 13:00 MST,3
Jun 5 2023 14:00 MST,3
Jun 5 2023 15:00 MST,3
Jun 5 2023 16:00 MST,3
Jun 5 2023 17:00 MST,3
Jun 5 2023 18:00 MST,3
Jun 5 2023 19:00 MST,3
Jun 5 2023 20:00 MST,3
Jun 5 2023 21:00 MST,3
Jun 5 2023 22:00 MST,3
Jun 5 2023 23:00 MST,3
Jun 6 2023 00:00 MST,3
Jun 6 2023 01:00 MST,2
Jun 6 2023 02:00 MST,2
Jun 6 2023 03:00 MST,2
Jun 6 2023 04:00 MST,2
Jun 6 2023 05:00 MST,2
Jun 6 2023 06:00 MST,2
Jun 6 2023 07:00 MST,2
Jun 6 2023 08:00 MST,2
Jun 6 2023 09:00 MST,2
Jun 6 2023 10:00 MST,2
Jun 6 2023 11:00 MST,2
Jun 6 2023 12:00 MST,2
Jun 6 2023 13:00 MST,2
Jun 6 2023 14:00 MST,3
Jun 6 2023 15:00 MST,3
Jun 6 2023 16:00 MST,3
Jun 6 2023 17:00 MST,3
Jun 6 2023 18:00 MST,4
Jun 6 2023 19:00 MST,4
Jun 6 2023 20:00 MST,4
Jun 6 2023 21:00 MST,4
Jun 6 2023 22:00 MST,4
Jun 6 2023 23:00 MST,4
Jun 7 2023 00:00 MST,3
Jun 7 2023 01:00 MST,3
Jun 7 2023 02:00 MST,3
Jun 7 2023 03:00 MST,3
Jun 7 2023 04:00 MST,3
Jun 7 2023 05:00 MST,3
Jun 7 2023 06:00 MST,2
Jun 7 2023 07:00 MST,2
Jun 7 2023 08:00 MST,2
Jun 7 2023 09:00 MST,2
Jun 7 2023 10:00 MST,3
Jun 7 2023 11:00 MST,3
Jun 7 2023 12:00 MST,4
Jun 7 2023 13:00 MST,4
Jun 7 2023 14:00 MST,4
Jun 7 2023 15:00 MST,4
Jun 7 2023 16:00 MST,4
Jun 7 2023 17:00 MST,4
Jun 7 2023 18:00 MST,4
Jun 7 2023 19:00 MST,4
Jun 7 2023 20:00 MST,4
Jun 7 2023 21:00 MST,4
Jun 7 2023 22:00 MST,4
Jun 7 2023 23:00 MST,4
Jun 8 2023 00:00 MST,4
Jun 8 2023 01:00 MST,4
Jun 8 2023 02:00 MST,4
Jun 8 2023 03:00 MST,4
Jun 8 2023 04:00 MST,4
Jun 8 2023 05:00 MST,3
Jun 8 2023 06:00 MST,3
Jun 8 2023 07:00 MST,3
Jun 8 2023 08:00 MST,2
Jun 8 2023 09:00 MST,2
Jun 8 2023 10:00 MST,3
Jun 8 2023 11:00 MST,4
Jun 8 2023 12:00 MST,4
Jun 8 2023 13:00 MST,4
Jun 8 2023 14:00 MST,4
Jun 8 2023 15:00 MST,5
Jun 8 2023 16:00 MST,5
Jun 8 2023 17:00 MST,5
Jun 8 2023 18:00 MST,5
Jun 8 2023 19:00 MST,5
Jun 8 2023 20:00 MST,5
Jun 8 2023 21:00 MST,4
Jun 8 2023 22:00 MST,4
Jun 8 2023 23:00 MST,4
Jun 9 2023 00:00 MST,4
Jun 9 2023 01:00 MST,4
Jun 9 2023 02:00 MST,4
Jun 9 2023 03:00 MST,4
Jun 9 2023 04:00 MST,3
Jun 9 2023 05:00 MST,4
Jun 9 2023 06:00 MST,4
Jun 9 2023 07:00 MST,3
Jun 9 2023 08:00 MST,3
Jun 9 2023 09:00 MST,3
Jun 9 2023 10:00 MST,3
Jun 9 2023 11:00 MST,4
Jun 9 2023 12:00 MST,4
Jun 9 2023 13:00 MST,5
Jun 9 2023 14:00 MST,6
Jun 9 2023 15:00 MST,6
Jun 9 2023 16:00 MST,6
Jun 9 2023 17:00 MST,6
Jun 9 2023 18:00 MST,6
Jun 9 2023 19:00 MST,6
Jun 9 2023 20:00 MST,6
Jun 9 2023 21:00 MST,6
Jun 9 2023 22:00 MST,5
Jun 9 2023 23:00 MST,5
Jun 10 2023 00:00 MST,4
Jun 10 2023 01:00 MST,4
Jun 10 2023 02:00 MST,4
Jun 10 2023 03:00 MST,4
Jun 10 2023 04:00 MST,4
Jun 10 2023 05:00 MST,4
Jun 10 2023 06:00 MST,4
Jun 10 2023 07:00 MST,4
Jun 10 2023 08:00 MST,4
Jun 10 2023 09:00 MST,3
Jun 10 2023 10:00 MST,3
Jun 10 2023 11:00 MST,4
Jun 10 2023 12:00 MST,4
Jun 10 2023 13:00 MST,4
Jun 10 2023 14:00 MST,4
Jun 10 2023 15:00 MST,4
Jun 10 2023 16:00 MST,4
Jun 10 2023 17:00 MST,4
Jun 10 2023 18:00 MST,4
Jun 10 2023 19:00 MST,4
Jun 10 2023 20:00 MST,4
Jun 10 2023 21:00 MST,4
Jun 10 2023 22:00 MST,3
Jun 10 2023 23:00 MST,3
Jun 11 2023 00:00 MST,3
Jun 11 2023 01:00 MST,3
Jun 11 2023 02:00 MST,3
Jun 11 2023 03:00 MST,8
Jun 11 2023 04:00 MST,9
Jun 11 2023 05:00 MST,10
Jun 11 2023 06:00 MST,9
Jun 11 2023 07:00 MST,9
Jun 11 2023 08:00 MST,8
Jun 11 2023 09:00 MST,7
Jun 11 2023 10:00 MST,5
Jun 11 2023 11:00 MST,5
Jun 11 2023 12:00 MST,4
Jun 11 2023 13:00 MST,4
Jun 11 2023 14:00 MST,4
Jun 11 2023 15:00 MST,4
Jun 11 2023 16:00 MST,4
Jun 11 2023 17:00 MST,3
Jun 11 2023 18:00 MST,3
Jun 11 2023 19:00 MST,3
Jun 11 2023 20:00 MST,3
Jun 11 2023 21:00 MST,3
Jun 11 2023 22:00 MST,2
Jun 11 2023 23:00 MST,2
Jun 12 2023 00:00 MST,2
Jun 12 2023 01:00 MST,2
Jun 12 2023 02:00 MST,2
Jun 12 2023 03:00 MST,2
Jun 12 2023 04:00 MST,2
Jun 12 2023 05:00 MST,2
Jun 12 2023 06:00 MST,2
Jun 12 2023 07:00 MST,2
Jun 12 2023 08:00 MST,2
Jun 12 2023 09:00 MST,3
Jun 12 2023 10:00 MST,3
Jun 12 2023 11:00 MST,3
Jun 12 2023 12:00 MST,3
Jun 12 2023 13:00 MST,3
Jun 12 2023 14:00 MST,3
Jun 12 2023 15:00 MST,3
Jun 12 2023 16:00 MST,3
Jun 12 2023 17:00 MST,3
Jun 12 2023 18:00 MST,3
Jun 12 2023 19:00 MST,4
Jun 12 2023 20:00 MST,4
Jun 12 2023 21:00 MST,4
Jun 12 2023 22:00 MST,4
Jun 12 2023 23:00 MST,4
Jun 13 2023 00:00 MST,4
Jun 13 2023 01:00 MST,4
Jun 13 2023 02:00 MST,4
Jun 13 2023 03:00 MST,4
Jun 13 2023 04:00 MST,4
Jun 13 2023 05:00 MST,4
Jun 13 2023 06:00 MST,3
Jun 13 2023 07:00 MST,2
Jun 13 2023 08:00 MST,2
Jun 13 2023 09:00 MST,2
Jun 13 2023 10:00 MST,2
Jun 13 2023 11:00 MST,2
Jun 13 2023 12:00 MST,3
Jun 13 2023 13:00 MST,3
Jun 13 2023 14:00 MST,3
Jun 13 2023 15:00 MST,3
Jun 13 2023 16:00 MST,3
Jun 13 2023 17:00 MST,3
Jun 13 2023 18:00 MST,3
Jun 13 2023 19:00 MST,3
Jun 13 2023 20:00 MST,3
Jun 13 2023 21:00 MST,3
Jun 13 2023 22:00 MST,3
Jun 13 2023 23:00 MST,2
Jun 14 2023 00:00 MST,3
Jun 14 2023 01:00 MST,3
Jun 14 2023 02:00 MST,4
Jun 14 2023 03:00 MST,5
Jun 14 2023 04:00 MST,5
Jun 14 2023 05:00 MST,4
Jun 14 2023 06:00 MST,3
Jun 14 2023 07:00 MST,2
Jun 14 2023 08:00 MST,2
Jun 14 2023 09:00 MST,2
Jun 14 2023 10:00 MST,2
Jun 14 2023 11:00 MST,2
Jun 14 2023 12:00 MST,2
Jun 14 2023 13:00 MST,2
Jun 14 2023 14:00 MST,2
Jun 14 2023 15:00 MST,2
Jun 14 2023 16:00 MST,2
Jun 14 2023 17:00 MST,2
Jun 14 2023 18:00 MST,3
Jun 14 2023 19:00 MST,3
Jun 14 2023 20:00 MST,4
Jun 14 2023 21:00 MST,5
Jun 14 2023 22:00 MST,7
Jun 14 2023 23:00 MST,5
Jun 15 2023 00:00 MST,5
Jun 15 2023 01:00 MST,4
Jun 15 2023 02:00 MST,3
Jun 15 2023 03:00 MST,3
Jun 15 2023 04:00 MST,4
Jun 15 2023 05:00 MST,4
Jun 15 2023 06:00 MST,5
Jun 15 2023 07:00 MST,5
Jun 15 2023 08:00 MST,5
Jun 15 2023 09:00 MST,5
Jun 15 2023 10:00 MST,5
Jun 15 2023 11:00 MST,5
Jun 15 2023 12:00 MST,5
Jun 15 2023 13:00 MST,7
Jun 15 2023 14:00 MST,7
Jun 15 2023 15:00 MST,7
Jun 15 2023 16:00 MST,6
Jun 15 2023 17:00 MST,6
Jun 15 2023 18:00 MST,5
Jun 15 2023 19:00 MST,5
Jun 15 2023 20:00 MST,4
Jun 15 2023 21:00 MST,4
Jun 15 2023 22:00 MST,4
Jun 15 2023 23:00 MST,4
Jun 16 2023 00:00 MST,4
Jun 16 2023 01:00 MST,4
Jun 16 2023 02:00 MST,4
Jun 16 2023 03:00 MST,3
Jun 16 2023 04:00 MST,3
Jun 16 2023 05:00 MST,3
Jun 16 2023 06:00 MST,2
Jun 16 2023 07:00 MST,2
Jun 16 2023 08:00 MST,2
Jun 16 2023 09:00 MST,2
Jun 16 2023 10:00 MST,2
Jun 16 2023 11:00 MST,2
Jun 16 2023 12:00 MST,2
Jun 16 2023 13:00 MST,3
Jun 16 2023 14:00 MST,2
Jun 16 2023 15:00 MST,2
Jun 16 2023 16:00 MST,2
Jun 16 2023 17:00 MST,2
Jun 16 2023 18:00 MST,2
Jun 16 2023 19:00 MST,2
Jun 16 2023 20:00 MST,2
Jun 16 2023 21:00 MST,2
Jun 16 2023 22:00 MST,2
Jun 16 2023 23:00 MST,2
Jun 17 2023 00:00 MST,2
Jun 17 2023 01:00 MST,2
Jun 17 2023 02:00 MST,2
Jun 17 2023 03:00 MST,2
Jun 17 2023 04:00 MST,2
Jun 17 2023 05:00 MST,2
Jun 17 2023 06:00 MST,2
Jun 17 2023 07:00 MST,1
Jun 17 2023 08:00 MST,1
Jun 17 2023 09:00 MST,1
Jun 17 2023 10:00 MST,2
Jun 17 2023 11:00 MST,2
Jun 17 2023 12:00 MST,2
Jun 17 2023 13:00 MST,2
Jun 17 2023 14:00 MST,2
Jun 17 2023 15:00 MST,2
Jun 17 2023 16:00 MST,2
Jun 17 2023 17:00 MST,3
Jun 17 2023 18:00 MST,3
Jun 17 2023 19:00 MST,3
Jun 17 2023 20:00 MST,3
Jun 17 2023 21:00 MST,2
Jun 17 2023 22:00 MST,2
Jun 17 2023 23:00 MST,2
Jun 18 2023 00:00 MST,2
Jun 18 2023 01:00 MST,2
Jun 18 2023 02:00 MST,2
Jun 18 2023 03:00 MST,2
Jun 18 2023 04:00 MST,2
Jun 18 2023 05:00 MST,2
Jun 18 2023 06:00 MST,2
Jun 18 2023 07:00 MST,2
Jun 18 2023 08:00 MST,2
Jun 18 2023 09:00 MST,2
Jun 18 2023 10:00 MST,2
Jun 18 2023 11:00 MST,2
Jun 18 2023 12:00 MST,2
Jun 18 2023 13:00 MST,2
Jun 18 2023 14:00 MST,2
Jun 18 2023 15:00 MST,2
Jun 18 2023 16:00 MST,2
Jun 18 2023 17:00 MST,2
Jun 18 2023 18:00 MST,2
Jun 18 2023 19:00 MST,2
Jun 18 2023 20:00 MST,2
Jun 18 2023 21:00 MST,2
Jun 18 2023 22:00 MST,2
Jun 18 2023 23:00 MST,2
Jun 19 2023 00:00 MST,2
Jun 19 2023 01:00 MST,2
Jun 19 2023 02:00 MST,2
Jun 19 2023 03:00 MST,2
Jun 19 2023 04:00 MST,2
Jun 19 2023 05:00 MST,2
Jun 19 2023 06:00 MST,1
Jun 19 2023 07:00 MST,1
Jun 19 2023 08:00 MST,1
Jun 19 2023 09:00 MST,2
Jun 19 2023 10:00 MST,2
Jun 19 2023 11:00 MST,1
Jun 19 2023 12:00 MST,1
Jun 19 2023 13:00 MST,1
Jun 19 2023 14:00 MST,1
Jun 19 2023 15:00 MST,1
Jun 19 2023 16:00 MST,1
Jun 19 2023 17:00 MST,1
Jun 19 2023 18:00 MST,1
Jun 19 2023 19:00 MST,1
Jun 19 2023 20:00 MST,1
Jun 19 2023 21:00 MST,1
Jun 19 2023 22:00 MST,1
Jun 19 2023 23:00 MST,1
Jun 20 2023 00:00 MST,1
Jun 20 2023 01:00 MST,1
Jun 20 2023 02:00 MST,1
Jun 20 2023 03:00 MST,1
Jun 20 2023 04:00 MST,1
Jun 20 2023 05:00 MST,1
Jun 20 2023 06:00 MST,1
Jun 20 2023 07:00 MST,1
Jun 20 2023 08:00 MST,1
Jun 20 2023 09:00 MST,2
Jun 20 2023 10:00 MST,1
Jun 20 2023 11:00 MST,N/A
Jun 20 2023 12:00 MST,N/A
Jun 20 2023 13:00 MST,N/A
Jun 20 2023 14:00 MST,N/A
Jun 20 2023 15:00 MST,N/A
Jun 20 2023 16:00 MST,2
Jun 20 2023 17:00 MST,2
Jun 20 2023 18:00 MST,2
Jun 20 2023 19:00 MST,2
Jun 20 2023 20:00 MST,2
Jun 20 2023 21:00 MST,1
Jun 20 2023 22:00 MST,1
Jun 20 2023 23:00 MST,2
Jun 21 2023 00:00 MST,2
Jun 21 2023 01:00 MST,1
Jun 21 2023 02:00 MST,1
Jun 21 2023 03:00 MST,1
Jun 21 2023 04:00 MST,1
Jun 21 2023 05:00 MST,1
Jun 21 2023 06:00 MST,1
Jun 21 2023 07:00 MST,1
Jun 21 2023 08:00 MST,1
Jun 21 2023 09:00 MST,1
Jun 21 2023 10:00 MST,1
Jun 21 2023 11:00 MST,N/A
Jun 21 2023 12:00 MST,N/A
Jun 21 2023 13:00 MST,N/A
Jun 21 2023 14:00 MST,N/A
Jun 21 2023 15:00 MST,N/A
Jun 21 2023 16:00 MST,N/A
Jun 21 2023 17:00 MST,N/A
Jun 21 2023 18:00 MST,N/A
Jun 21 2023 19:00 MST,2
Jun 21 2023 20:00 MST,2
Jun 21 2023 21:00 MST,2
Jun 21 2023 22:00 MST,2
Jun 21 2023 23:00 MST,2
Jun 22 2023 00:00 MST,2
Jun 22 2023 01:00 MST,2
Jun 22 2023 02:00 MST,2
Jun 22 2023 03:00 MST,1
Jun 22 2023 04:00 MST,1
Jun 22 2023 05:00 MST,1
Jun 22 2023 06:00 MST,1
Jun 22 2023 07:00 MST,1
Jun 22 2023 08:00 MST,1
Jun 22 2023 09:00 MST,1
Jun 22 2023 10:00 MST,1
Jun 22 2023 11:00 MST,2
Jun 22 2023 12:00 MST,N/A
Jun 22 2023 13:00 MST,N/A
Jun 22 2023 14:00 MST,2
Jun 22 2023 15:00 MST,2
Jun 22 2023 16:00 MST,2
Jun 22 2023 17:00 MST,2
Jun 22 2023 18:00 MST,2
Jun 22 2023 19:00 MST,2
Jun 22 2023 20:00 MST,2
Jun 22 2023 21:00 MST,3
Jun 22 2023 22:00 MST,3
Jun 22 2023 23:00 MST,3
Jun 23 2023 00:00 MST,3
Jun 23 2023 01:00 MST,2
Jun 23 2023 02:00 MST,2
Jun 23 2023 03:00 MST,2
Jun 23 2023 04:00 MST,2
Jun 23 2023 05:00 MST,2
Jun 23 2023 06:00 MST,2
Jun 23 2023 07:00 MST,2
Jun 23 2023 08:00 MST,1
Jun 23 2023 09:00 MST,2
Jun 23 2023 10:00 MST,2
Jun 23 2023 11:00 MST,2
Jun 23 2023 12:00 MST,2
Jun 23 2023 13:00 MST,2
Jun 23 2023 14:00 MST,2
Jun 23 2023 15:00 MST,3
Jun 23 2023 16:00 MST,3
Jun 23 2023 17:00 MST,3
Jun 23 2023 18:00 MST,3
Jun 23 2023 19:00 MST,3
Jun 23 2023 20:00 MST,3
Jun 23 2023 21:00 MST,3
Jun 23 2023 22:00 MST,2
Jun 23 2023 23:00 MST,2
Jun 24 2023 00:00 MST,2
Jun 24 2023 01:00 MST,2
Jun 24 2023 02:00 MST,2
Jun 24 2023 03:00 MST,2
Jun 24 2023 04:00 MST,2
Jun 24 2023 05:00 MST,2
Jun 24 2023 06:00 MST,2
Jun 24 2023 07:00 MST,2
Jun 24 2023 08:00 MST,2
Jun 24 2023 09:00 MST,1
Jun 24 2023 10:00 MST,2
Jun 24 2023 11:00 MST,2
Jun 24 2023 12:00 MST,2
Jun 24 2023 13:00 MST,2
Jun 24 2023 14:00 MST,2
Jun 24 2023 15:00 MST,3
Jun 24 2023 16:00 MST,3
Jun 24 2023 17:00 MST,3
Jun 24 2023 18:00 MST,3
Jun 24 2023 19:00 MST,3
Jun 24 2023 20:00 MST,3
Jun 24 2023 21:00 MST,3
Jun 24 2023 22:00 MST,3
Jun 24 2023 23:00 MST,3
Jun 25 2023 00:00 MST,3
Jun 25 2023 01:00 MST,3
Jun 25 2023 02:00 MST,3
Jun 25 2023 03:00 MST,3
Jun 25 2023 04:00 MST,3
Jun 25 2023 05:00 MST,3
Jun 25 2023 06:00 MST,3
Jun 25 2023 07:00 MST,3
Jun 25 2023 08:00 MST,2
Jun 25 2023 09:00 MST,2
Jun 25 2023 10:00 MST,2
Jun 25 2023 11:00 MST,2
Jun 25 2023 12:00 MST,2
Jun 25 2023 13:00 MST,2
Jun 25 2023 14:00 MST,2
Jun 25 2023 15:00 MST,2
Jun 25 2023 16:00 MST,2
Jun 25 2023 17:00 MST,2
Jun 25 2023 18:00 MST,3
Jun 25 2023 19:00 MST,2
Jun 25 2023 20:00 MST,2
Jun 25 2023 21:00 MST,2
Jun 25 2023 22:00 MST,2
Jun 25 2023 23:00 MST,2
Jun 26 2023 00:00 MST,2
Jun 26 2023 01:00 MST,2
Jun 26 2023 02:00 MST,2
Jun 26 2023 03:00 MST,2
Jun 26 2023 04:00 MST,2
Jun 26 2023 05:00 MST,2
Jun 26 2023 06:00 MST,2
Jun 26 2023 07:00 MST,2
Jun 26 2023 08:00 MST,1
Jun 26 2023 09:00 MST,1
Jun 26 2023 10:00 MST,1
Jun 26 2023 11:00 MST,2
Jun 26 2023 12:00 MST,2
Jun 26 2023 13:00 MST,2
Jun 26 2023 14:00 MST,2
Jun 26 2023 15:00 MST,2
Jun 26 2023 16:00 MST,2
Jun 26 2023 17:00 MST,2
Jun 26 2023 18:00 MST,2
Jun 26 2023 19:00 MST,2
Jun 26 2023 20:00 MST,2
Jun 26 2023 21:00 MST,2
Jun 26 2023 22:00 MST,2
Jun 26 2023 23:00 MST,2
Jun 27 2023 00:00 MST,2
Jun 27 2023 01:00 MST,2
Jun 27 2023 02:00 MST,1
Jun 27 2023 03:00 MST,1
Jun 27 2023 04:00 MST,1
Jun 27 2023 05:00 MST,1
Jun 27 2023 06:00 MST,1
Jun 27 2023 07:00 MST,1
Jun 27 2023 08:00 MST,2
Jun 27 2023 09:00 MST,2
Jun 27 2023 10:00 MST,2
Jun 27 2023 11:00 MST,2
Jun 27 2023 12:00 MST,2
Jun 27 2023 13:00 MST,3
Jun 27 2023 14:00 MST,3
Jun 27 2023 15:00 MST,3
Jun 27 2023 16:00 MST,3
Jun 27 2023 17:00 MST,3
Jun 27 2023 18:00 MST,2
Jun 27 2023 19:00 MST,3
Jun 27 2023 20:00 MST,3
Jun 27 2023 21:00 MST,2
Jun 27 2023 22:00 MST,2
Jun 27 2023 23:00 MST,2
Jun 28 2023 00:00 MST,2
Jun 28 2023 01:00 MST,2
Jun 28 2023 02:00 MST,2
Jun 28 2023 03:00 MST,2
Jun 28 2023 04:00 MST,2
Jun 28 2023 05:00 MST,2
Jun 28 2023 06:00 MST,2
Jun 28 2023 07:00 MST,2
Jun 28 2023 08:00 MST,1
Jun 28 2023 09:00 MST,1
Jun 28 2023 10:00 MST,2
Jun 28 2023 11:00 MST,2
Jun 28 2023 12:00 MST,3
Jun 28 2023 13:00 MST,3
Jun 28 2023 14:00 MST,3
Jun 28 2023 15:00 MST,3
Jun 28 2023 16:00 MST,3
Jun 28 2023 17:00 MST,3
Jun 28 2023 18:00 MST,3
Jun 28 2023 19:00 MST,2
Jun 28 2023 20:00 MST,2
Jun 28 2023 21:00 MST,2
Jun 28 2023 22:00 MST,2
Jun 28 2023 23:00 MST,2
Jun 29 2023 00:00 MST,2
Jun 29 2023 01:00 MST,2
Jun 29 2023 02:00 MST,2
Jun 29 2023 03:00 MST,1
Jun 29 2023 04:00 MST,1
Jun 29 2023 05:00 MST,1
Jun 29 2023 06:00 MST,1
Jun 29 2023 07:00 MST,1
Jun 29 2023 08:00 MST,1
Jun 29 2023 09:00 MST,1
Jun 29 2023 10:00 MST,1
Jun 29 2023 11:00 MST,2
Jun 29 2023 12:00 MST,2
Jun 29 2023 13:00 MST,2
Jun 29 2023 14:00 MST,2
Jun 29 2023 15:00 MST,3
Jun 29 2023 16:00 MST,3
Jun 29 2023 17:00 MST,3
Jun 29 2023 18:00 MST,3
Jun 29 2023 19:00 MST,3
Jun 29 2023 20:00 MST,3
Jun 29 2023 21:00 MST,3
Jun 29 2023 22:00 MST,3
Jun 29 2023 23:00 MST,3
Jun 30 2023 00:00 MST,2
Jun 30 2023 01:00 MST,2
Jun 30 2023 02:00 MST,2
Jun 30 2023 03:00 MST,2
Jun 30 2023 04:00 MST,2
Jun 30 2023 05:00 MST,2
Jun 30 2023 06:00 MST,2
Jun 30 2023 07:00 MST,1
Jun 30 2023 08:00 MST,1
Jun 30 2023 09:00 MST,1
Jun 30 2023 10:00 MST,2
Jun 30 2023 11:00 MST,2
Jun 30 2023 12:00 MST,3
Jun 30 2023 13:00 MST,3
Jun 30 2023 14:00 MST,3
Jun 30 2023 15:00 MST,3
Jun 30 2023 16:00 MST,3
Jun 30 2023 17:00 MST,3
Jun 30 2023 18:00 MST,3
Jun 30 2023 19:00 MST,3
Jun 30 2023 20:00 MST,3
Jun 30 2023 21:00 MST,3